flight_AD,flight_datetime,flight_AL_Synchron_code,flight_number,flight_ID,flight_terminal_#,flight_AP,flight_AC_Synchron_code,flight_AC_PAX_capacity_total,flight_PAX,Aircraft_Stand
A,17-08-2019 11:05:00,U6,1,D,1,SVX,320,160,152,
D,17-08-2019 19:15:00,U6,2,D,1,SIP,320,160,95,
D,17-08-2019 11:55:00,U6,439,D,1,SVX,320,160,159,
A,17-08-2019 18:20:00,U6,440,D,1,SIP,320,160,160,
D,17-08-2019 12:05:00,AH,3001,I,5,ALG,738,160,94,
D,17-08-2019 06:00:00,SU,2,D,1,LED,SU9,87,75,
A,17-08-2019 09:35:00,SU,3,D,1,LED,SU9,87,79,
D,17-08-2019 16:50:00,SU,1022,D,1,VOZ,SU9,87,64,
A,17-08-2019 20:30:00,SU,1023,D,1,VOZ,SU9,87,82,
D,17-08-2019 09:30:00,SU,1100,D,1,KRR,SU9,87,80,
A,17-08-2019 15:25:00,SU,1101,D,1,KRR,SU9,87,83,
D,17-08-2019 00:35:00,SU,1132,D,1,AER,SU9,87,82,
A,17-08-2019 14:35:00,SU,1133,D,1,AER,SU9,87,70,
D,17-08-2019 13:20:00,SU,1156,D,1,ROV,SU9,87,77,
D,17-08-2019 1:55:00,SU,1164,D,1,ROV,SU9,87,81,
A,17-08-2019 7:45:00,SU,1165,D,1,ROV,SU9,87,69,
D,17-08-2019 17:35:00,SU,1186,D,1,VOG,SU9,87,79,
A,17-08-2019 22:10:00,SU,1187,D,1,VOG,SU9,87,85,
D,17-08-2019 1:50:00,SU,1206,D,1,KUF,SU9,87,76,
A,17-08-2019 6:10:00,SU,1207,D,1,KUF,SU9,87,79,
D,17-08-2019 1:25:00,SU,1218,D,1,PEE,SU9,87,85,
A,17-08-2019 6:40:00,SU,1219,D,1,PEE,SU9,87,80,
D,17-08-2019 9:45:00,SU,1220,D,1,GOJ,SU9,87,84,
A,17-08-2019 13:15:00,SU,1221,D,1,GOJ,SU9,87,79,
D,17-08-2019 16:30:00,SU,1226,D,1,GOJ,SU9,87,77,
A,17-08-2019 19:55:00,SU,1227,D,1,GOJ,SU9,87,53,
D,17-08-2019 6:00:00,SU,1228,D,1,GOJ,SU9,87,72,
A,17-08-2019 9:25:00,SU,1229,D,1,GOJ,SU9,87,70,
D,17-08-2019 9:30:00,SU,1230,D,1,UFA,SU9,87,84,
A,17-08-2019 14:55:00,SU,1231,D,1,UFA,SU9,87,84,
D,17-08-2019 18:05:00,SU,1260,D,1,UFA,SU9,87,48,
A,17-08-2019 23:35:00,SU,1261,D,1,UFA,SU9,87,38,
D,17-08-2019 10:45:00,SU,1286,D,1,ULV,SU9,87,85,
A,17-08-2019 15:00:00,SU,1287,D,1,ULV,SU9,87,72,
D,17-08-2019 1:50:00,SU,1288,D,1,ULV,SU9,87,82,
A,17-08-2019 6:55:00,SU,1289,D,1,ULV,SU9,87,59,
D,17-08-2019 16:55:00,SU,1292,D,1,IJK,SU9,87,82,
A,17-08-2019 21:50:00,SU,1293,D,1,IJK,SU9,87,73,
D,17-08-2019 23:25:00,SU,1294,D,1,IJK,SU9,87,72,
A,17-08-2019 4:20:00,SU,1295,D,1,IJK,SU9,87,65,
D,17-08-2019 17:50:00,SU,1316,D,1,MMK,SU9,87,70,
A,17-08-2019 0:05:00,SU,1317,D,1,MMK,SU9,87,83,
D,17-08-2019 7:15:00,SU,1320,D,1,MMK,SU9,87,78,
A,17-08-2019 12:55:00,SU,1321,D,1,MMK,SU9,87,84,
D,17-08-2019 16:20:00,SU,1330,D,1,ARH,SU9,87,74,
A,17-08-2019 21:10:00,SU,1331,D,1,ARH,SU9,87,76,
D,17-08-2019 8:10:00,SU,1332,D,1,ARH,SU9,87,83,
A,17-08-2019 13:00:00,SU,1333,D,1,ARH,SU9,87,83,
D,17-08-2019 0:05:00,SU,1334,D,1,ARH,SU9,87,76,
A,17-08-2019 4:50:00,SU,1335,D,1,ARH,SU9,87,82,
D,17-08-2019 8:55:00,SU,1350,D,1,VOZ,SU9,87,73,
A,17-08-2019 12:20:00,SU,1351,D,1,VOZ,SU9,87,84,
D,17-08-2019 23:50:00,SU,1352,D,1,VOZ,SU9,87,48,
A,17-08-2019 7:30:00,SU,1353,D,1,VOZ,SU9,87,75,
D,17-08-2019 6:35:00,SU,1356,D,1,RTW,SU9,87,75,
A,17-08-2019 11:10:00,SU,1357,D,1,RTW,SU9,87,82,
D,17-08-2019 19:15:00,SU,1358,D,1,RTW,SU9,87,65,
A,17-08-2019 23:35:00,SU,1359,D,1,RTW,SU9,87,72,
D,17-08-2019 9:45:00,SU,1360,D,1,RTW,SU9,87,78,
A,17-08-2019 14:05:00,SU,1361,D,1,RTW,SU9,87,53,
D,17-08-2019 16:40:00,SU,1362,D,1,RTW,SU9,87,41,
A,17-08-2019 21:05:00,SU,1363,D,1,RTW,SU9,87,48,
D,17-08-2019 17:35:00,SU,1364,D,1,STW,SU9,87,86,
A,17-08-2019 23:15:00,SU,1365,D,1,STW,SU9,87,70,
D,17-08-2019 9:00:00,SU,1366,D,1,STW,SU9,87,87,
A,17-08-2019 14:25:00,SU,1367,D,1,STW,SU9,87,84,
D,17-08-2019 21:10:00,SU,1368,D,1,STW,SU9,87,54,
A,17-08-2019 5:15:00,SU,1369,D,1,STW,SU9,87,78,
D,17-08-2019 10:25:00,SU,1370,D,1,EGO,SU9,87,76,
A,17-08-2019 14:20:00,SU,1371,D,1,EGO,SU9,87,70,
D,17-08-2019 23:55:00,SU,1372,D,1,EGO,SU9,87,37,
A,17-08-2019 4:10:00,SU,1373,D,1,EGO,SU9,87,75,
D,17-08-2019 19:40:00,SU,1374,D,1,EGO,SU9,87,66,
A,17-08-2019 23:35:00,SU,1375,D,1,EGO,SU9,87,77,
D,17-08-2019 11:45:00,SU,1376,D,1,RTW,SU9,87,83,
A,17-08-2019 15:55:00,SU,1377,D,1,RTW,SU9,87,77,
D,17-08-2019 15:25:00,SU,1378,D,1,RTW,SU9,87,41,
A,17-08-2019 19:40:00,SU,1379,D,1,RTW,SU9,87,49,
D,17-08-2019 13:55:00,SU,1388,D,1,ULV,SU9,87,44,
A,17-08-2019 18:05:00,SU,1389,D,1,ULV,SU9,87,43,
D,17-08-2019 8:40:00,SU,1390,D,1,SCW,SU9,87,87,
A,17-08-2019 13:50:00,SU,1391,D,1,SCW,SU9,87,70,
D,17-08-2019 12:50:00,SU,1392,D,1,PEE,SU9,87,83,
A,17-08-2019 22:10:00,SU,1393,D,1,PEE,SU9,87,76,
D,17-08-2019 22:40:00,SU,1396,D,1,SCW,SU9,87,79,
A,17-08-2019 4:35:00,SU,1397,D,1,SCW,SU9,87,70,
D,17-08-2019 15:20:00,SU,1404,D,1,SVX,SU9,87,68,
A,17-08-2019 21:35:00,SU,1405,D,1,SVX,SU9,87,79,
D,17-08-2019 0:40:00,SU,1428,D,1,MQF,SU9,87,78,
A,17-08-2019 6:30:00,SU,1429,D,1,MQF,SU9,87,87,
D,17-08-2019 14:45:00,SU,1434,D,1,MQF,SU9,87,77,
A,17-08-2019 20:55:00,SU,1435,D,1,MQF,SU9,87,70,
D,17-08-2019 21:30:00,SU,1466,D,1,SKX,SU9,87,40,
A,17-08-2019 7:45:00,SU,1467,D,1,SKX,SU9,87,69,
D,17-08-2019 1:30:00,SU,1508,D,1,TJM,SU9,87,87,
A,17-08-2019 8:20:00,SU,1509,D,1,TJM,SU9,87,86,
D,17-08-2019 7:25:00,SU,1642,D,1,ASF,SU9,87,84,
A,17-08-2019 13:05:00,SU,1643,D,1,ASF,SU9,87,87,
D,17-08-2019 14:25:00,SU,1680,D,1,NBC,SU9,87,76,
A,17-08-2019 19:25:00,SU,1681,D,1,NBC,SU9,87,77,
D,17-08-2019 8:35:00,SU,1830,I,3,MSQ,SU9,87,75,
A,17-08-2019 12:15:00,SU,1831,I,2,MSQ,SU9,87,78,
D,17-08-2019 18:10:00,SU,1832,I,3,MSQ,SU9,87,57,
A,17-08-2019 21:55:00,SU,1833,I,2,MSQ,SU9,87,82,
D,17-08-2019 22:00:00,SU,1834,I,3,MSQ,SU9,87,78,
A,17-08-2019 7:40:00,SU,1835,I,2,MSQ,SU9,87,79,
D,17-08-2019 13:25:00,SU,1840,I,3,MSQ,SU9,87,68,
A,17-08-2019 17:35:00,SU,1841,I,2,MSQ,SU9,87,77,
D,17-08-2019 16:50:00,SU,1842,I,3,MSQ,SU9,87,80,
A,17-08-2019 20:45:00,SU,1843,I,2,MSQ,SU9,87,79,
D,17-08-2019 9:20:00,SU,2034,I,5,OTP,SU9,87,61,
A,17-08-2019 16:25:00,SU,2035,I,5,OTP,SU9,87,63,
D,17-08-2019 20:55:00,SU,2038,I,5,OTP,SU9,87,58,
A,17-08-2019 5:05:00,SU,2039,I,3,OTP,SU9,87,69,
D,17-08-2019 11:50:00,SU,2100,I,3,RIX,SU9,87,83,
A,17-08-2019 16:10:00,SU,2101,I,3,RIX,SU9,87,77,
D,17-08-2019 22:55:00,SU,2118,I,3,RIX,SU9,87,59,
A,17-08-2019 4:30:00,SU,2119,I,3,RIX,SU9,87,78,
D,17-08-2019 16:10:00,SU,2164,I,3,VNO,SU9,87,70,
A,17-08-2019 20:45:00,SU,2165,I,3,VNO,SU9,87,82,
D,17-08-2019 10:40:00,SU,2206,I,3,HEL,SU9,87,81,
A,17-08-2019 15:10:00,SU,2207,I,3,HEL,SU9,87,72,
D,17-08-2019 18:55:00,SU,2262,I,5,TLL,SU9,87,61,
A,17-08-2019 23:30:00,SU,2263,I,3,TLL,SU9,87,72,
D,17-08-2019 11:25:00,SU,2344,I,3,DRS,SU9,87,78,
A,17-08-2019 17:55:00,SU,2345,I,3,DRS,SU9,87,66,
D,17-08-2019 6:45:00,SU,6,D,1,LED,73H,158,147,
A,17-08-2019 10:40:00,SU,7,D,1,LED,73H,158,142,
D,17-08-2019 8:20:00,SU,10,D,1,LED,32A,158,144,
A,17-08-2019 12:00:00,SU,11,D,1,LED,32A,158,127,
D,17-08-2019 9:40:00,SU,12,D,1,LED,73H,158,158,
A,17-08-2019 13:25:00,SU,13,D,1,LED,73H,158,152,
D,17-08-2019 10:55:00,SU,14,D,1,LED,32A,158,127,
A,17-08-2019 14:40:00,SU,15,D,1,LED,32A,158,156,
D,17-08-2019 11:30:00,SU,16,D,1,LED,73H,158,136,
A,17-08-2019 15:10:00,SU,17,D,1,LED,73H,158,155,
D,17-08-2019 12:25:00,SU,18,D,1,LED,73H,158,127,
A,17-08-2019 16:25:00,SU,19,D,1,LED,73H,158,151,
D,17-08-2019 13:35:00,SU,20,D,1,LED,32A,158,155,
A,17-08-2019 17:20:00,SU,21,D,1,LED,32A,158,158,
D,17-08-2019 15:20:00,SU,22,D,1,LED,32A,158,154,
A,17-08-2019 19:00:00,SU,23,D,1,LED,32A,158,155,
D,17-08-2019 17:10:00,SU,24,D,1,LED,32A,158,148,
A,17-08-2019 20:50:00,SU,25,D,1,LED,32A,158,154,
D,17-08-2019 18:20:00,SU,26,D,1,LED,32A,158,152,
A,17-08-2019 22:00:00,SU,27,D,1,LED,32A,158,158,
D,17-08-2019 19:40:00,SU,28,D,1,LED,73H,158,126,
A,17-08-2019 23:45:00,SU,29,D,1,LED,73H,158,125,
D,17-08-2019 20:30:00,SU,30,D,1,LED,73H,158,113,
A,17-08-2019 0:25:00,SU,31,D,1,LED,73H,158,119,
D,17-08-2019 21:00:00,SU,32,D,1,LED,32A,158,138,
A,17-08-2019 7:20:00,SU,33,D,1,LED,32A,158,136,
D,17-08-2019 23:15:00,SU,34,D,1,LED,32A,158,152,
A,17-08-2019 6:25:00,SU,35,D,1,LED,32A,158,141,
D,17-08-2019 1:30:00,SU,36,D,1,LED,32A,158,145,
A,17-08-2019 5:05:00,SU,37,D,1,LED,32A,158,151,
D,17-08-2019 16:25:00,SU,38,D,1,LED,32A,158,147,
A,17-08-2019 20:00:00,SU,39,D,1,LED,32A,158,155,
D,17-08-2019 11:55:00,SU,42,D,1,LED,32A,158,153,
A,17-08-2019 15:35:00,SU,43,D,1,LED,32A,158,152,
D,17-08-2019 21:30:00,SU,44,D,1,LED,32A,158,144,
A,17-08-2019 1:10:00,SU,45,D,1,LED,32A,158,122,
D,17-08-2019 0:40:00,SU,46,D,1,LED,73H,158,154,
A,17-08-2019 8:30:00,SU,47,D,1,LED,73H,158,140,
D,17-08-2019 6:55:00,SU,506,I,3,TLV,73H,158,142,
A,17-08-2019 16:50:00,SU,507,I,3,TLV,73H,158,148,
A,17-08-2019 6:20:00,SU,511,I,3,BEY,32A,158,140,
D,17-08-2019 21:05:00,SU,512,I,2,IKA,32A,158,86,
A,17-08-2019 5:55:00,SU,513,I,2,IKA,32A,158,147,
D,17-08-2019 8:15:00,SU,520,I,5,DXB,73H,158,158,
A,17-08-2019 20:50:00,SU,521,I,5,DXB,73H,158,147,
D,17-08-2019 18:40:00,SU,524,I,5,DXB,73H,158,152,
A,17-08-2019 6:50:00,SU,525,I,5,DXB,73H,158,136,
D,17-08-2019 6:40:00,SU,1000,D,1,KGD,73H,158,152,
A,17-08-2019 11:20:00,SU,1001,D,1,KGD,73H,158,158,
D,17-08-2019 10:10:00,SU,1002,D,1,KGD,32A,158,127,
A,17-08-2019 15:15:00,SU,1003,D,1,KGD,32A,158,127,
D,17-08-2019 13:45:00,SU,1004,D,1,KGD,32A,158,157,
A,17-08-2019 19:00:00,SU,1005,D,1,KGD,32A,158,127,
D,17-08-2019 18:30:00,SU,1006,D,1,KGD,73H,158,127,
A,17-08-2019 23:25:00,SU,1007,D,1,KGD,73H,158,127,
D,17-08-2019 20:05:00,SU,1008,D,1,KGD,32A,158,156,
A,17-08-2019 5:50:00,SU,1009,D,1,KGD,32A,158,127,
D,17-08-2019 16:35:00,SU,1010,D,1,KGD,32A,158,153,
A,17-08-2019 21:20:00,SU,1011,D,1,KGD,32A,158,127,
D,17-08-2019 7:50:00,SU,1042,D,1,OGZ,32A,158,140,
A,17-08-2019 14:20:00,SU,1043,D,1,OGZ,32A,158,154,
D,17-08-2019 8:05:00,SU,1052,D,1,MCX,32A,158,125,
A,17-08-2019 15:00:00,SU,1053,D,1,MCX,32A,158,127,
D,17-08-2019 22:00:00,SU,1056,D,1,MCX,32A,158,59,
A,17-08-2019 4:45:00,SU,1057,D,1,MCX,32A,158,155,
D,17-08-2019 15:00:00,SU,1058,D,1,MCX,32A,158,97,
A,17-08-2019 21:40:00,SU,1059,D,1,MCX,32A,158,127,
D,17-08-2019 15:10:00,SU,1064,D,1,NAL,32A,158,119,
A,17-08-2019 21:00:00,SU,1065,D,1,NAL,32A,158,153,
D,17-08-2019 14:50:00,SU,1078,D,1,IGT,32A,158,115,
A,17-08-2019 21:30:00,SU,1079,D,1,IGT,32A,158,127,
D,17-08-2019 12:25:00,SU,1102,D,1,KRR,73H,158,147,
A,17-08-2019 18:00:00,SU,1103,D,1,KRR,73H,158,127,
D,17-08-2019 14:40:00,SU,1104,D,1,KRR,73H,158,109,
A,17-08-2019 20:25:00,SU,1105,D,1,KRR,73H,158,154,
D,17-08-2019 15:55:00,SU,1106,D,1,KRR,73H,158,115,
A,17-08-2019 21:35:00,SU,1107,D,1,KRR,73H,158,156,
D,17-08-2019 23:35:00,SU,1112,D,1,KRR,32A,158,98,
A,17-08-2019 5:05:00,SU,1113,D,1,KRR,32A,158,149,
D,17-08-2019 10:30:00,SU,1116,D,3,AER,32A,158,157,
A,17-08-2019 17:05:00,SU,1117,D,3,AER,32A,158,157,
D,17-08-2019 19:00:00,SU,1118,D,1,AER,73H,158,138,
A,17-08-2019 0:55:00,SU,1119,D,1,AER,73H,158,157,
D,17-08-2019 6:05:00,SU,1120,D,1,AER,73H,158,141,
A,17-08-2019 12:00:00,SU,1121,D,1,AER,73H,158,127,
D,17-08-2019 12:20:00,SU,1122,D,1,AER,73H,158,158,
A,17-08-2019 18:30:00,SU,1123,D,1,AER,73H,158,156,
D,17-08-2019 14:10:00,SU,1124,D,1,AER,32A,158,154,
A,17-08-2019 20:10:00,SU,1125,D,1,AER,32A,158,127,
D,17-08-2019 23:10:00,SU,1128,D,1,AER,73H,158,101,
A,17-08-2019 5:20:00,SU,1129,D,1,AER,73H,158,157,
D,17-08-2019 17:45:00,SU,1130,D,1,AER,32A,158,149,
A,17-08-2019 23:50:00,SU,1131,D,1,AER,32A,158,127,
D,17-08-2019 9:05:00,SU,1134,D,1,AER,73H,158,156,
A,17-08-2019 15:25:00,SU,1135,D,1,AER,73H,158,156,
D,17-08-2019 20:50:00,SU,1140,D,1,AER,32A,158,108,
A,17-08-2019 9:20:00,SU,1141,D,1,AER,32A,158,156,
D,17-08-2019 15:00:00,SU,1142,D,1,AAQ,32A,158,152,
A,17-08-2019 20:40:00,SU,1143,D,1,AAQ,32A,158,148,
D,17-08-2019 21:50:00,SU,1144,D,1,AAQ,73H,158,93,
A,17-08-2019 8:25:00,SU,1145,D,1,AAQ,73H,158,155,
D,17-08-2019 6:30:00,SU,1146,D,1,AAQ,32A,158,147,
A,17-08-2019 12:05:00,SU,1147,D,1,AAQ,32A,158,153,
D,17-08-2019 15:35:00,SU,1148,D,1,GDZ,32A,158,148,
A,17-08-2019 21:15:00,SU,1149,D,1,GDZ,32A,158,143,
D,17-08-2019 13:10:00,SU,1150,D,1,GDZ,32A,158,152,
A,17-08-2019 19:05:00,SU,1151,D,1,GDZ,32A,158,150,
D,17-08-2019 8:10:00,SU,1152,D,1,GDZ,32A,158,156,
A,17-08-2019 14:10:00,SU,1153,D,1,GDZ,32A,158,143,
D,17-08-2019 7:30:00,SU,1158,D,1,ROV,73H,158,129,
A,17-08-2019 12:30:00,SU,1159,D,1,ROV,73H,158,150,
D,17-08-2019 9:00:00,SU,1162,D,1,ROV,32A,158,128,
A,17-08-2019 13:55:00,SU,1163,D,1,ROV,32A,158,150,
D,17-08-2019 21:35:00,SU,1172,D,1,ASF,32A,158,158,
A,17-08-2019 8:40:00,SU,1173,D,1,ASF,32A,158,154,
D,17-08-2019 14:50:00,SU,1174,D,1,ASF,32A,158,146,
A,17-08-2019 20:30:00,SU,1175,D,1,ASF,32A,158,127,
D,17-08-2019 14:55:00,SU,1182,D,1,VOG,73H,158,149,
A,17-08-2019 19:35:00,SU,1183,D,1,VOG,73H,158,157,
D,17-08-2019 22:50:00,SU,1184,D,1,VOG,73H,158,146,
A,17-08-2019 7:50:00,SU,1185,D,1,VOG,73H,158,148,
D,17-08-2019 2:00:00,SU,1188,D,1,VOG,73H,158,151,
A,17-08-2019 9:45:00,SU,1189,D,1,VOG,73H,158,152,
D,17-08-2019 16:00:00,SU,1192,D,1,KZN,32A,158,149,
A,17-08-2019 20:25:00,SU,1193,D,1,KZN,32A,158,70,
D,17-08-2019 0:45:00,SU,1196,D,1,KZN,73H,158,139,
A,17-08-2019 5:00:00,SU,1197,D,1,KZN,73H,158,78,
A,17-08-2019 8:35:00,SU,1199,D,1,KZN,32A,158,70,
D,17-08-2019 7:20:00,SU,1200,D,1,PEE,32A,158,157,
A,17-08-2019 12:35:00,SU,1201,D,1,PEE,32A,158,155,
D,17-08-2019 9:40:00,SU,1208,D,1,KUF,32A,158,150,
A,17-08-2019 14:05:00,SU,1209,D,1,KUF,32A,158,150,
D,17-08-2019 8:10:00,SU,1210,D,1,KUF,32A,158,140,
A,17-08-2019 13:00:00,SU,1211,D,1,KUF,32A,158,141,
D,17-08-2019 13:45:00,SU,1212,D,1,KUF,73H,158,118,
A,17-08-2019 18:25:00,SU,1213,D,1,KUF,73H,158,126,
D,17-08-2019 17:05:00,SU,1214,D,1,KUF,73H,158,121,
A,17-08-2019 21:30:00,SU,1215,D,1,KUF,73H,158,126,
D,17-08-2019 22:35:00,SU,1216,D,1,KUF,73H,158,115,
A,17-08-2019 7:20:00,SU,1217,D,1,KUF,32A,158,139,
D,17-08-2019 0:10:00,SU,1222,D,1,GOJ,73H,158,127,
A,17-08-2019 6:15:00,SU,1223,D,1,GOJ,73H,158,132,
D,17-08-2019 18:30:00,SU,1224,D,1,GOJ,73H,158,99,
A,17-08-2019 21:50:00,SU,1225,D,1,GOJ,73H,158,78,
D,17-08-2019 14:20:00,SU,1232,D,1,UFA,32A,158,158,
A,17-08-2019 19:40:00,SU,1233,D,1,UFA,32A,158,151,
D,17-08-2019 1:40:00,SU,1234,D,1,UFA,32A,158,149,
A,17-08-2019 8:15:00,SU,1235,D,1,UFA,32A,158,152,
D,17-08-2019 20:10:00,SU,1238,D,1,UFA,32A,158,109,
A,17-08-2019 5:50:00,SU,1239,D,1,UFA,32A,158,150,
D,17-08-2019 15:35:00,SU,1248,D,1,REN,73H,158,158,
A,17-08-2019 21:10:00,SU,1249,D,1,REN,73H,158,136,
D,17-08-2019 21:50:00,SU,1250,D,1,NBC,32A,158,88,
A,17-08-2019 6:45:00,SU,1251,D,1,NBC,32A,158,90,
D,17-08-2019 7:00:00,SU,1254,D,1,NBC,32A,158,129,
A,17-08-2019 11:45:00,SU,1255,D,1,NBC,32A,158,135,
D,17-08-2019 16:00:00,SU,1258,D,1,UFA,32A,158,126,
A,17-08-2019 21:15:00,SU,1259,D,1,UFA,32A,158,135,
D,17-08-2019 8:20:00,SU,1268,D,1,KZN,32A,158,144,
A,17-08-2019 12:25:00,SU,1269,D,1,KZN,32A,158,49,
D,17-08-2019 21:50:00,SU,1274,D,1,KRR,73H,158,100,
A,17-08-2019 8:25:00,SU,1275,D,1,KRR,73H,158,149,
D,17-08-2019 11:05:00,SU,1276,D,1,KZN,73H,158,149,
A,17-08-2019 15:10:00,SU,1277,D,1,KZN,73H,158,125,
D,17-08-2019 6:00:00,SU,1284,D,1,KRR,73H,158,132,
A,17-08-2019 12:55:00,SU,1285,D,1,KRR,73H,158,158,
D,17-08-2019 2:40:00,SU,1300,D,1,MRV,32A,158,139,
A,17-08-2019 9:35:00,SU,1301,D,1,MRV,32A,158,150,
D,17-08-2019 16:30:00,SU,1302,D,1,MRV,73H,158,136,
A,17-08-2019 22:15:00,SU,1303,D,1,MRV,73H,158,151,
D,17-08-2019 7:45:00,SU,1304,D,1,MRV,32A,158,144,
A,17-08-2019 13:30:00,SU,1305,D,1,MRV,32A,158,158,
D,17-08-2019 1:05:00,SU,1306,D,1,OVB,73H,158,150,
A,17-08-2019 10:25:00,SU,1307,D,1,OVB,73H,158,158,
D,17-08-2019 20:55:00,SU,1314,D,1,MRV,73H,158,131,
A,17-08-2019 4:55:00,SU,1315,D,1,MRV,73H,158,152,
D,17-08-2019 23:20:00,SU,1322,D,1,MMK,32A,158,127,
A,17-08-2019 5:10:00,SU,1323,D,1,MMK,32A,158,146,
D,17-08-2019 20:25:00,SU,1340,D,1,GOJ,32A,158,81,
A,17-08-2019 23:45:00,SU,1341,D,1,GOJ,32A,158,71,
D,17-08-2019 1:00:00,SU,1382,D,1,HMA,73H,158,154,
A,17-08-2019 8:05:00,SU,1383,D,1,HMA,73H,158,147,
D,17-08-2019 22:20:00,SU,1394,D,1,PEE,32A,158,126,
A,17-08-2019 8:00:00,SU,1395,D,1,PEE,32A,158,155,
D,17-08-2019 8:30:00,SU,1400,D,1,SVX,32A,158,153,
A,17-08-2019 14:30:00,SU,1401,D,1,SVX,32A,158,151,
D,17-08-2019 11:20:00,SU,1402,D,1,SVX,73H,158,145,
A,17-08-2019 17:30:00,SU,1403,D,1,SVX,73H,158,154,
D,17-08-2019 21:30:00,SU,1406,D,1,SVX,32A,158,140,
A,17-08-2019 7:30:00,SU,1407,D,1,SVX,32A,158,156,
D,17-08-2019 23:45:00,SU,1408,D,1,SVX,32A,158,128,
A,17-08-2019 5:45:00,SU,1409,D,1,SVX,32A,158,156,
D,17-08-2019 6:45:00,SU,1410,D,1,SVX,32A,158,127,
A,17-08-2019 12:40:00,SU,1411,D,1,SVX,32A,158,157,
D,17-08-2019 13:30:00,SU,1412,D,1,SVX,32A,158,147,
A,17-08-2019 19:20:00,SU,1413,D,1,SVX,32A,158,157,
D,17-08-2019 17:30:00,SU,1414,D,1,SVX,73H,158,150,
A,17-08-2019 23:40:00,SU,1415,D,1,SVX,73H,158,149,
D,17-08-2019 6:50:00,SU,1420,D,1,CEK,32A,158,152,
A,17-08-2019 12:45:00,SU,1421,D,1,CEK,32A,158,150,
D,17-08-2019 14:00:00,SU,1422,D,1,CEK,32A,158,156,
A,17-08-2019 20:05:00,SU,1423,D,1,CEK,32A,158,127,
D,17-08-2019 0:05:00,SU,1424,D,1,CEK,32A,158,151,
A,17-08-2019 6:00:00,SU,1425,D,1,CEK,32A,158,156,
D,17-08-2019 17:45:00,SU,1426,D,1,CEK,32A,158,140,
A,17-08-2019 0:20:00,SU,1427,D,1,CEK,32A,158,155,
D,17-08-2019 21:40:00,SU,1430,D,3,BAX,73H,158,135,
A,17-08-2019 7:35:00,SU,1431,D,3,BAX,73H,158,155,
D,17-08-2019 9:05:00,SU,1432,D,3,BAX,32A,158,144,
A,17-08-2019 18:35:00,SU,1433,D,3,BAX,32A,158,157,
D,17-08-2019 1:55:00,SU,1436,D,1,SVX,32A,158,127,
A,17-08-2019 9:15:00,SU,1437,D,1,SVX,32A,158,157,
D,17-08-2019 17:25:00,SU,1440,D,1,IKT,73H,158,132,
A,17-08-2019 6:40:00,SU,1441,D,1,IKT,73H,158,157,
D,17-08-2019 7:30:00,SU,1444,D,1,IKT,73H,158,130,
A,17-08-2019 20:40:00,SU,1445,D,1,IKT,73H,158,157,
D,17-08-2019 23:15:00,SU,1446,D,3,BAX,32A,158,151,
A,17-08-2019 8:50:00,SU,1447,D,3,BAX,32A,158,127,
D,17-08-2019 22:20:00,SU,1458,D,3,NOZ,73H,158,132,
A,17-08-2019 8:25:00,SU,1459,D,3,NOZ,73H,158,155,
D,17-08-2019 9:10:00,SU,1460,D,1,OVB,73H,158,147,
A,17-08-2019 18:45:00,SU,1461,D,1,OVB,73H,158,127,
D,17-08-2019 6:25:00,SU,1462,D,1,OVB,73H,158,156,
A,17-08-2019 15:55:00,SU,1463,D,1,OVB,73H,158,157,
D,17-08-2019 1:50:00,SU,1472,D,3,NJC,73H,158,154,
A,17-08-2019 10:00:00,SU,1473,D,3,NJC,73H,158,154,
D,17-08-2019 0:10:00,SU,1478,D,3,ABA,73H,158,151,
A,17-08-2019 10:55:00,SU,1479,D,3,ABA,73H,158,127,
D,17-08-2019 20:25:00,SU,1480,D,1,KJA,32A,158,144,
A,17-08-2019 7:10:00,SU,1481,D,1,KJA,32A,158,158,
D,17-08-2019 7:40:00,SU,1486,D,1,KJA,73H,158,141,
A,17-08-2019 18:50:00,SU,1487,D,1,KJA,73H,158,157,
D,17-08-2019 11:40:00,SU,1490,D,1,SLY,32A,158,115,
A,17-08-2019 18:55:00,SU,1491,D,1,SLY,32A,158,112,
D,17-08-2019 8:05:00,SU,1498,D,1,GRV,32A,158,132,
A,17-08-2019 14:50:00,SU,1499,D,1,GRV,32A,158,158,
D,17-08-2019 8:25:00,SU,1500,D,1,TJM,32A,158,157,
A,17-08-2019 15:15:00,SU,1501,D,1,TJM,32A,158,157,
D,17-08-2019 23:40:00,SU,1502,D,1,TJM,32A,158,127,
A,17-08-2019 6:20:00,SU,1503,D,1,TJM,32A,158,152,
D,17-08-2019 14:00:00,SU,1506,D,1,TJM,73H,158,146,
A,17-08-2019 20:55:00,SU,1507,D,1,TJM,73H,158,149,
D,17-08-2019 21:45:00,SU,1510,D,1,SGC,32A,158,149,
A,17-08-2019 6:15:00,SU,1511,D,1,SGC,32A,158,150,
D,17-08-2019 1:35:00,SU,1512,D,1,SGC,32A,158,127,
A,17-08-2019 9:30:00,SU,1513,D,1,SGC,32A,158,155,
D,17-08-2019 6:40:00,SU,1516,D,1,SGC,32A,158,156,
A,17-08-2019 14:00:00,SU,1517,D,1,SGC,32A,158,152,
D,17-08-2019 1:55:00,SU,1522,D,1,NUX,32A,158,154,
A,17-08-2019 10:40:00,SU,1523,D,1,NUX,32A,158,153,
D,17-08-2019 23:05:00,SU,1530,D,3,TOF,73H,158,143,
A,17-08-2019 8:55:00,SU,1531,D,3,TOF,73H,158,157,
D,17-08-2019 22:15:00,SU,1532,D,1,CEK,32A,158,151,
A,17-08-2019 8:00:00,SU,1533,D,1,CEK,32A,158,152,
D,17-08-2019 17:50:00,SU,1542,D,1,AAQ,32A,158,136,
A,17-08-2019 0:05:00,SU,1543,D,1,AAQ,32A,158,146,
D,17-08-2019 8:15:00,SU,1546,D,1,AAQ,32A,158,152,
A,17-08-2019 13:40:00,SU,1547,D,1,AAQ,32A,158,147,
D,17-08-2019 20:35:00,SU,1548,D,1,OVB,73H,158,138,
A,17-08-2019 6:10:00,SU,1549,D,1,OVB,32A,158,127,
D,17-08-2019 1:05:00,SU,1562,D,1,IKT,73H,158,146,
A,17-08-2019 14:15:00,SU,1563,D,1,IKT,73H,158,157,
D,17-08-2019 6:25:00,SU,1602,D,1,KUF,73H,158,140,
A,17-08-2019 10:50:00,SU,1603,D,1,KUF,73H,158,135,
D,17-08-2019 16:10:00,SU,1618,D,1,SIP,32A,158,127,
A,17-08-2019 22:10:00,SU,1619,D,1,SIP,32A,158,127,
D,17-08-2019 9:15:00,SU,1620,D,1,SIP,32A,158,155,
A,17-08-2019 15:30:00,SU,1621,D,1,SIP,32A,158,127,
D,17-08-2019 11:45:00,SU,1622,D,1,SIP,73H,158,127,
A,17-08-2019 18:15:00,SU,1623,D,1,SIP,73H,158,127,
D,17-08-2019 14:55:00,SU,1624,D,1,SIP,32A,158,127,
A,17-08-2019 21:20:00,SU,1625,D,1,SIP,32A,158,127,
D,17-08-2019 21:00:00,SU,1626,D,1,SIP,73H,158,151,
A,17-08-2019 5:00:00,SU,1627,D,1,SIP,73H,158,158,
D,17-08-2019 13:35:00,SU,1628,D,1,SIP,32A,158,152,
A,17-08-2019 19:50:00,SU,1629,D,1,SIP,32A,158,127,
D,17-08-2019 1:20:00,SU,1632,D,1,SIP,32A,158,127,
A,17-08-2019 7:25:00,SU,1633,D,1,SIP,32A,158,158,
D,17-08-2019 6:10:00,SU,1636,D,1,SIP,32A,158,153,
A,17-08-2019 12:20:00,SU,1637,D,1,SIP,32A,158,157,
D,17-08-2019 0:40:00,SU,1638,D,3,OMS,32A,158,146,
A,17-08-2019 8:35:00,SU,1639,D,3,OMS,32A,158,127,
D,17-08-2019 6:15:00,SU,1640,D,3,OMS,73H,158,151,
A,17-08-2019 14:10:00,SU,1641,D,3,OMS,73H,158,127,
D,17-08-2019 7:25:00,SU,1644,D,1,SIP,32A,158,127,
A,17-08-2019 13:25:00,SU,1645,D,1,SIP,32A,158,157,
D,17-08-2019 22:50:00,SU,1646,D,3,NJC,32A,158,127,
A,17-08-2019 7:00:00,SU,1647,D,3,NJC,32A,158,158,
D,17-08-2019 12:40:00,SU,1648,D,1,SIP,32A,158,127,
A,17-08-2019 19:10:00,SU,1649,D,1,SIP,32A,158,127,
D,17-08-2019 17:25:00,SU,1658,D,1,SIP,32A,158,127,
A,17-08-2019 23:55:00,SU,1659,D,1,SIP,32A,158,157,
A,17-08-2019 11:25:00,SU,1751,D,1,YKS,73H,158,149,
D,17-08-2019 10:00:00,SU,1758,D,1,VOG,73H,158,127,
A,17-08-2019 14:50:00,SU,1759,D,1,VOG,73H,158,127,
D,17-08-2019 22:25:00,SU,1762,D,3,OMS,32A,158,156,
A,17-08-2019 6:25:00,SU,1763,D,3,OMS,32A,158,127,
D,17-08-2019 15:05:00,SU,1768,D,1,PEE,32A,158,140,
A,17-08-2019 20:20:00,SU,1769,D,1,PEE,32A,158,152,
D,17-08-2019 22:45:00,SU,1844,I,3,KIV,32A,158,141,
D,17-08-2019 9:55:00,SU,1854,I,5,GYD,73H,158,138,
A,17-08-2019 17:20:00,SU,1855,I,5,GYD,73H,158,156,
D,17-08-2019 6:30:00,SU,1858,I,3,EVN,32A,158,151,
A,17-08-2019 13:10:00,SU,1859,I,3,EVN,32A,158,127,
D,17-08-2019 9:45:00,SU,1860,I,3,EVN,32A,158,146,
A,17-08-2019 16:45:00,SU,1861,I,3,EVN,32A,158,127,
D,17-08-2019 2:05:00,SU,1864,I,3,EVN,32A,158,136,
A,17-08-2019 9:40:00,SU,1865,I,3,EVN,32A,158,154,
D,17-08-2019 20:40:00,SU,1868,I,3,EVN,73H,158,154,
A,17-08-2019 4:45:00,SU,1869,I,3,EVN,73H,158,127,
D,17-08-2019 8:10:00,SU,1872,I,3,TAS,73H,158,153,
A,17-08-2019 18:15:00,SU,1873,I,3,TAS,73H,158,156,
D,17-08-2019 22:40:00,SU,1876,I,3,BHK,32A,158,157,
D,17-08-2019 7:40:00,SU,1880,I,3,FRU,32A,158,127,
A,17-08-2019 17:50:00,SU,1881,I,3,FRU,32A,158,153,
D,17-08-2019 20:50:00,SU,1894,I,3,OSS,73H,158,127,
A,17-08-2019 7:10:00,SU,1895,I,3,OSS,73H,158,127,
D,17-08-2019 7:45:00,SU,1940,I,2,ALA,73H,158,150,
A,17-08-2019 18:20:00,SU,1941,I,2,ALA,73H,158,157,
D,17-08-2019 21:40:00,SU,1950,I,2,CIT,32A,158,158,
D,17-08-2019 18:05:00,SU,2002,I,3,WAW,32A,158,115,
A,17-08-2019 23:15:00,SU,2003,I,3,WAW,32A,158,129,
D,17-08-2019 7:45:00,SU,2006,I,3,WAW,32A,158,144,
A,17-08-2019 12:50:00,SU,2007,I,3,WAW,32A,158,153,
D,17-08-2019 7:30:00,SU,2010,I,5,PRG,73H,158,137,
A,17-08-2019 13:50:00,SU,2011,I,5,PRG,73H,158,138,
D,17-08-2019 14:55:00,SU,2014,I,5,PRG,73H,158,145,
A,17-08-2019 21:25:00,SU,2015,I,3,PRG,73H,158,137,
D,17-08-2019 13:00:00,SU,2018,I,5,PRG,73H,158,146,
A,17-08-2019 19:30:00,SU,2019,I,5,PRG,73H,158,146,
D,17-08-2019 10:10:00,SU,2030,I,2,BUD,32A,158,147,
A,17-08-2019 16:30:00,SU,2031,I,2,BUD,32A,158,149,
D,17-08-2019 7:05:00,SU,2032,I,2,BUD,32A,158,148,
A,17-08-2019 13:25:00,SU,2033,I,3,BUD,32A,158,154,
D,17-08-2019 9:55:00,SU,2054,I,3,TIV,73H,158,147,
A,17-08-2019 17:30:00,SU,2055,I,5,TIV,73H,158,127,
D,17-08-2019 8:15:00,SU,2060,I,2,SOF,32A,158,151,
A,17-08-2019 15:35:00,SU,2061,I,2,SOF,32A,158,127,
D,17-08-2019 14:15:00,SU,2074,I,5,LCA,73H,158,153,
A,17-08-2019 23:15:00,SU,2075,I,3,LCA,73H,158,154,
D,17-08-2019 20:15:00,SU,2092,I,2,BEG,32A,158,133,
D,17-08-2019 17:20:00,SU,2096,I,3,BEG,73H,158,131,
A,17-08-2019 0:10:00,SU,2097,I,3,BEG,73H,158,137,
D,17-08-2019 8:45:00,SU,2106,I,5,TLL,73H,158,134,
A,17-08-2019 13:10:00,SU,2107,I,5,TLL,73H,158,141,
A,17-08-2019 6:35:00,SU,2109,I,5,VNO,32A,158,58,
D,17-08-2019 14:30:00,SU,2122,I,3,HER,73H,158,157,
A,17-08-2019 23:55:00,SU,2123,I,3,HER,73H,158,152,
D,17-08-2019 7:50:00,SU,2130,I,2,IST,73H,158,149,
A,17-08-2019 16:00:00,SU,2131,I,2,IST,73H,158,151,
A,17-08-2019 6:05:00,SU,2135,I,3,IST,73H,158,147,
D,17-08-2019 10:00:00,SU,2136,I,3,IST,32A,158,114,
A,17-08-2019 18:25:00,SU,2137,I,2,IST,32A,158,124,
D,17-08-2019 17:40:00,SU,2138,I,2,IST,73H,158,134,
A,17-08-2019 4:05:00,SU,2139,I,3,IST,73H,158,147,
D,17-08-2019 11:20:00,SU,2152,I,3,DUS,32A,158,158,
A,17-08-2019 18:50:00,SU,2153,I,3,DUS,32A,158,143,
D,17-08-2019 14:25:00,SU,2154,I,3,DUS,32A,158,156,
A,17-08-2019 21:50:00,SU,2155,I,3,DUS,32A,158,143,
D,17-08-2019 15:55:00,SU,2156,I,3,BOJ,32A,158,115,
A,17-08-2019 23:50:00,SU,2157,I,3,BOJ,32A,158,127,
D,17-08-2019 8:15:00,SU,2168,I,5,BRU,73H,158,148,
A,17-08-2019 16:10:00,SU,2169,I,5,BRU,73H,158,136,
D,17-08-2019 10:20:00,SU,2174,I,5,OSL,32A,158,149,
A,17-08-2019 16:40:00,SU,2175,I,5,OSL,32A,158,149,
D,17-08-2019 10:25:00,SU,2210,I,3,ARN,73H,158,157,
A,17-08-2019 15:50:00,SU,2211,I,3,ARN,73H,158,132,
D,17-08-2019 9:20:00,SU,2312,I,3,SXF,32A,158,156,
A,17-08-2019 15:45:00,SU,2313,I,3,SXF,32A,158,149,
D,17-08-2019 15:25:00,SU,2314,I,3,SXF,32A,158,158,
A,17-08-2019 21:45:00,SU,2315,I,3,SXF,32A,158,154,
D,17-08-2019 19:35:00,SU,2316,I,3,SXF,32A,158,158,
A,17-08-2019 4:00:00,SU,2317,I,3,SXF,32A,158,153,
D,17-08-2019 11:20:00,SU,2318,I,3,SXF,32A,158,146,
A,17-08-2019 18:00:00,SU,2319,I,3,SXF,32A,158,150,
D,17-08-2019 6:50:00,SU,2320,I,3,MUC,32A,158,148,
A,17-08-2019 14:15:00,SU,2321,I,3,MUC,32A,158,155,
D,17-08-2019 14:30:00,SU,2326,I,3,MUC,32A,158,127,
A,17-08-2019 21:40:00,SU,2327,I,3,MUC,32A,158,154,
D,17-08-2019 10:55:00,SU,2336,I,3,STR,73H,158,141,
A,17-08-2019 18:35:00,SU,2337,I,3,STR,73H,158,152,
D,17-08-2019 19:00:00,SU,2338,I,3,STR,32A,158,152,
A,17-08-2019 2:50:00,SU,2339,I,3,STR,32A,158,158,
D,17-08-2019 10:45:00,SU,2342,I,3,HAJ,32A,158,152,
A,17-08-2019 17:45:00,SU,2343,I,3,HAJ,32A,158,148,
D,17-08-2019 16:45:00,SU,2352,I,3,VIE,32A,158,155,
A,17-08-2019 23:25:00,SU,2353,I,5,VIE,32A,158,151,
D,17-08-2019 20:00:00,SU,2354,I,5,VIE,73H,158,139,
A,17-08-2019 4:10:00,SU,2355,I,5,VIE,73H,158,147,
D,17-08-2019 12:00:00,SU,2356,I,3,VIE,73H,158,141,
A,17-08-2019 18:40:00,SU,2357,I,5,VIE,73H,158,148,
D,17-08-2019 20:00:00,SU,2376,I,5,LYS,32A,158,153,
D,17-08-2019 10:20:00,SU,2418,I,3,FCO,73H,158,153,
A,17-08-2019 19:10:00,SU,2419,I,3,FCO,73H,158,134,
D,17-08-2019 19:45:00,SU,2422,I,5,VCE,73H,158,127,
D,17-08-2019 20:05:00,SU,2428,I,3,BLQ,73H,158,143,
A,17-08-2019 4:25:00,SU,2429,I,5,BLQ,73H,158,106,
D,17-08-2019 19:30:00,SU,2436,I,3,DUS,32A,158,154,
A,17-08-2019 10:30:00,SU,2437,I,3,DUS,32A,158,142,
D,17-08-2019 8:00:00,SU,2480,I,3,NAP,73H,158,158,
A,17-08-2019 17:00:00,SU,2481,I,3,NAP,73H,158,136,
D,17-08-2019 19:50:00,SU,2496,I,5,CPH,73H,158,131,
A,17-08-2019 3:35:00,SU,2497,I,5,CPH,73H,158,121,
D,17-08-2019 9:00:00,SU,2502,I,2,VLC,73H,158,137,
A,17-08-2019 19:35:00,SU,2503,I,2,VLC,73H,158,150,
D,17-08-2019 12:05:00,SU,2518,I,3,PMI,32A,158,146,
A,17-08-2019 22:35:00,SU,2519,I,3,PMI,32A,158,156,
D,17-08-2019 18:00:00,SU,2528,I,5,AGP,73H,158,143,
A,17-08-2019 5:50:00,SU,2529,I,5,AGP,73H,158,143,
D,17-08-2019 18:25:00,SU,2534,I,5,OSL,73H,158,150,
A,17-08-2019 0:35:00,SU,2535,I,3,OSL,73H,158,93,
D,17-08-2019 7:35:00,SU,2536,I,3,DUS,32A,158,156,
A,17-08-2019 14:55:00,SU,2537,I,3,DUS,32A,158,137,
A,17-08-2019 4:30:00,SU,2585,I,3,LHR,73H,158,156,
D,17-08-2019 19:35:00,SU,2590,I,5,DUB,32A,158,147,
D,17-08-2019 19:30:00,SU,2606,I,2,LIS,73H,158,141,
A,17-08-2019 16:10:00,SU,2607,I,3,LIS,73H,158,149,
D,17-08-2019 11:00:00,SU,2612,I,3,MXP,73H,158,157,
A,17-08-2019 19:25:00,SU,2613,I,3,MXP,73H,158,143,
D,17-08-2019 19:50:00,SU,2618,I,5,BRU,73H,158,150,
A,17-08-2019 3:55:00,SU,2619,I,5,BRU,32A,158,114,
D,17-08-2019 10:00:00,SU,2620,I,3,AGP,73H,158,142,
A,17-08-2019 21:55:00,SU,2621,I,3,AGP,73H,158,127,
D,17-08-2019 14:50:00,SU,2628,I,5,BRU,73H,158,157,
A,17-08-2019 22:50:00,SU,2629,I,5,BRU,73H,158,126,
D,17-08-2019 15:30:00,SU,2656,I,3,FRA,73H,158,157,
A,17-08-2019 23:10:00,SU,2657,I,3,FRA,73H,158,153,
D,17-08-2019 10:20:00,SU,2658,I,5,CPH,73H,158,154,
A,17-08-2019 16:30:00,SU,2659,I,5,CPH,73H,158,126,
D,17-08-2019 7:15:00,SU,2684,I,3,SXF,73H,158,151,
A,17-08-2019 13:30:00,SU,2685,I,3,SXF,73H,158,142,
D,17-08-2019 14:35:00,SU,2694,I,5,AMS,32A,158,152,
A,17-08-2019 22:40:00,SU,2695,I,5,AMS,32A,158,145,
D,17-08-2019 14:40:00,VN,62,I,3,HAN,789,274,274,
A,17-08-2019 6:45:00,VN,63,I,3,HAN,789,274,220,
D,17-08-2019 9:20:00,SU,100,I,3,JFK,77W,402,398,
A,17-08-2019 6:25:00,SU,101,I,3,JFK,77W,402,298,
D,17-08-2019 14:15:00,SU,102,I,3,JFK,77W,402,385,
A,17-08-2019 11:45:00,SU,103,I,3,JFK,77W,402,337,
D,17-08-2019 12:00:00,SU,106,I,3,LAX,77W,402,391,
A,17-08-2019 13:20:00,SU,107,I,3,LAX,77W,402,337,
D,17-08-2019 12:30:00,SU,200,I,3,PEK,77W,402,400,
A,17-08-2019 5:35:00,SU,201,I,2,PEK,77W,402,374,
D,17-08-2019 21:20:00,SU,204,I,3,PEK,77W,402,394,
A,17-08-2019 14:45:00,SU,205,I,3,PEK,77W,402,386,
D,17-08-2019 9:30:00,SU,206,I,2,PVG,77W,402,378,
A,17-08-2019 5:45:00,SU,207,I,3,PVG,77W,402,379,
D,17-08-2019 20:05:00,SU,208,I,2,PVG,77W,402,379,
A,17-08-2019 16:20:00,SU,209,I,2,PVG,77W,402,373,
D,17-08-2019 19:20:00,SU,212,I,2,HKG,77W,402,377,
A,17-08-2019 16:40:00,SU,213,I,2,HKG,77W,402,371,
D,17-08-2019 20:45:00,SU,250,I,3,ICN,77W,402,394,
A,17-08-2019 16:30:00,SU,251,I,3,ICN,77W,402,320,
D,17-08-2019 19:00:00,SU,260,I,3,NRT,77W,402,370,
A,17-08-2019 16:05:00,SU,263,I,3,NRT,77W,402,386,
D,17-08-2019 19:25:00,SU,290,I,3,HAN,77W,402,350,
A,17-08-2019 16:35:00,SU,291,I,3,HAN,77W,402,398,
D,17-08-2019 8:50:00,SU,502,I,3,TLV,77W,402,393,
A,17-08-2019 18:45:00,SU,503,I,3,TLV,77W,402,386,
A,17-08-2019 4:40:00,SU,505,I,3,TLV,77W,402,386,
D,17-08-2019 15:40:00,SU,1700,D,3,VVO,77W,402,399,
A,17-08-2019 10:15:00,SU,1701,D,3,VVO,77W,402,322,
D,17-08-2019 17:15:00,SU,1710,D,3,KHV,77W,402,396,
A,17-08-2019 10:35:00,SU,1711,D,3,KHV,77W,402,400,
D,17-08-2019 16:45:00,SU,1730,D,3,PKC,77W,402,394,
A,17-08-2019 12:40:00,SU,1731,D,3,PKC,77W,402,379,
D,17-08-2019 9:10:00,SU,2550,I,2,AMS,77W,402,320,
A,17-08-2019 17:45:00,SU,2551,I,2,AMS,77W,402,256,
D,17-08-2019 9:35:00,SU,104,I,3,IAD,333,302,292,
D,17-08-2019 18:50:00,SU,232,I,2,DEL,333,302,280,
A,17-08-2019 9:05:00,SU,233,I,3,DEL,333,302,282,
A,17-08-2019 5:25:00,SU,235,I,3,DEL,333,302,285,
D,17-08-2019 21:25:00,SU,1442,D,3,IKT,333,302,264,
A,17-08-2019 11:00:00,SU,1443,D,3,IKT,333,302,285,
D,17-08-2019 20:35:00,SU,1702,D,3,VVO,333,302,296,
A,17-08-2019 15:50:00,SU,1703,D,3,VVO,333,302,299,
D,17-08-2019 8:55:00,SU,2380,I,2,GVA,333,302,209,
A,17-08-2019 17:25:00,SU,2381,I,2,GVA,333,302,161,
D,17-08-2019 12:15:00,SU,2548,I,5,TFS,333,302,271,
D,17-08-2019 11:00:00,SU,110,I,3,MIA,332,229,214,
A,17-08-2019 12:15:00,SU,111,I,3,MIA,332,229,188,
D,17-08-2019 7:10:00,SU,150,I,3,HAV,332,229,190,
A,17-08-2019 9:00:00,SU,151,I,3,HAV,332,229,225,
D,17-08-2019 15:05:00,SU,234,I,3,DEL,332,229,217,
D,17-08-2019 18:35:00,SU,330,I,3,ULN,332,229,171,
A,17-08-2019 8:40:00,SU,331,I,3,ULN,332,229,204,
D,17-08-2019 19:40:00,SU,122,I,3,JFK,333,296,285,
A,17-08-2019 17:20:00,SU,123,I,3,JFK,333,296,252,
D,17-08-2019 15:35:00,SU,202,I,3,PEK,333,296,281,
A,17-08-2019 8:55:00,SU,203,I,3,PEK,333,296,254,
D,17-08-2019 19:05:00,SU,220,I,2,CAN,333,296,258,
A,17-08-2019 16:25:00,SU,221,I,2,CAN,333,296,281,
D,17-08-2019 8:00:00,SU,252,I,3,ICN,333,296,294,
A,17-08-2019 5:15:00,SU,253,I,3,ICN,333,296,266,
D,17-08-2019 19:10:00,SU,270,I,3,BKK,333,296,254,
A,17-08-2019 16:00:00,SU,271,I,2,BKK,333,296,237,
D,17-08-2019 18:50:00,SU,274,I,2,HKT,333,296,172,
A,17-08-2019 16:45:00,SU,275,I,2,HKT,333,296,293,
D,17-08-2019 21:55:00,SU,320,I,2,MLE,333,296,246,
A,17-08-2019 17:15:00,SU,321,I,2,MLE,333,296,237,
D,17-08-2019 18:40:00,SU,504,I,3,TLV,333,296,286,
D,17-08-2019 1:00:00,SU,1482,D,3,KJA,333,296,278,
A,17-08-2019 12:05:00,SU,1483,D,3,KJA,333,296,237,
D,17-08-2019 20:45:00,SU,1870,I,3,TAS,333,296,288,
A,17-08-2019 7:05:00,SU,1871,I,3,TAS,333,296,293,
A,17-08-2019 4:20:00,SU,2549,I,2,TFS,333,296,290,
D,17-08-2019 9:50:00,SU,2578,I,3,LHR,333,296,223,
A,17-08-2019 19:10:00,SU,2579,I,3,LHR,333,296,292,
D,17-08-2019 7:00:00,N4,123,D,3,SIP,73H,189,152,
A,17-08-2019 13:10:00,N4,124,D,3,SIP,73H,189,152,
D,17-08-2019 16:05:00,N4,133,D,3,SIP,73H,189,152,
A,17-08-2019 22:30:00,N4,134,D,3,SIP,73H,189,152,
D,17-08-2019 19:50:00,N4,161,D,3,KRR,73H,189,133,
A,17-08-2019 9:40:00,N4,162,D,3,KRR,73H,189,181,
D,17-08-2019 23:55:00,N4,171,I,2,KSQ,73H,189,184,
A,17-08-2019 5:35:00,EO,174,D,3,SVX,73H,189,149,
D,17-08-2019 23:35:00,EO,179,D,3,CEK,73H,189,158,
A,17-08-2019 5:45:00,EO,180,D,3,CEK,73H,189,174,
D,17-08-2019 8:40:00,N4,183,D,3,MRV,73H,189,152,
A,17-08-2019 14:25:00,N4,184,D,3,MRV,73H,189,152,
D,17-08-2019 23:45:00,N4,185,D,3,KZN,73H,189,152,
D,17-08-2019 10:40:00,N4,203,I,2,FEG,73H,189,185,
A,17-08-2019 21:10:00,N4,204,I,2,FEG,73H,189,168,
D,17-08-2019 23:40:00,N4,211,D,3,YKS,73H,189,105,
D,17-08-2019 17:40:00,N4,225,D,3,AER,73H,189,130,
A,17-08-2019 23:20:00,N4,226,D,3,AER,73H,189,152,
D,17-08-2019 7:25:00,EO,229,D,3,AER,73H,189,120,
A,17-08-2019 21:45:00,EO,230,D,3,AER,73H,189,152,
D,17-08-2019 11:40:00,N4,245,D,3,AER,73H,189,185,
A,17-08-2019 17:35:00,N4,246,D,3,AER,73H,189,169,
D,17-08-2019 10:30:00,N4,277,I,2,EVN,73H,189,168,
A,17-08-2019 17:50:00,N4,278,I,2,EVN,73H,189,186,
D,17-08-2019 0:45:00,N4,279,D,3,UFA,73H,189,152,
A,17-08-2019 6:05:00,N4,280,D,3,UFA,73H,189,152,
A,17-08-2019 10:10:00,N4,294,D,3,KJA,73H,189,167,
D,17-08-2019 14:35:00,N4,377,I,2,EVN,73H,189,169,
A,17-08-2019 21:30:00,N4,378,I,2,EVN,73H,189,152,
D,17-08-2019 0:45:00,N4,477,I,2,EVN,73H,189,158,
A,17-08-2019 7:50:00,N4,478,I,2,EVN,73H,189,180,
D,17-08-2019 10:45:00,N4,523,D,3,SIP,73H,189,152,
A,17-08-2019 16:55:00,N4,524,D,3,SIP,73H,189,152,
D,17-08-2019 1:25:00,N4,541,D,3,OMS,73H,189,152,
A,17-08-2019 9:35:00,N4,542,D,3,OMS,73H,189,152,
D,17-08-2019 6:55:00,EO,615,D,3,AER,73H,189,170,
A,17-08-2019 20:00:00,EO,616,D,3,AER,73H,189,183,
D,17-08-2019 23:25:00,N4,633,D,3,SIP,73H,189,145,
A,17-08-2019 5:40:00,N4,634,D,3,SIP,73H,189,152,
D,17-08-2019 10:10:00,N4,701,I,2,JED,73H,189,38,
A,17-08-2019 5:30:00,N4,730,D,3,REN,73H,189,166,
A,17-08-2019 16:15:00,OK,894,I,2,PRG,73H,189,172,
D,17-08-2019 17:05:00,OK,895,I,2,PRG,73H,189,171,
A,17-08-2019 3:05:00,OK,898,I,2,PRG,73H,189,183,
D,17-08-2019 7:10:00,OK,899,I,2,PRG,73H,189,170,
D,17-08-2019 8:20:00,FV,6137,D,3,KRR,73H,189,95,
A,17-08-2019 13:55:00,FV,6138,D,3,KRR,73H,189,188,
D,17-08-2019 9:25:00,FV,6139,I,3,NCE,73H,189,155,
A,17-08-2019 18:20:00,FV,6140,I,3,NCE,73H,189,132,
D,17-08-2019 22:10:00,FV,6141,D,3,SIP,73H,189,40,
A,17-08-2019 14:30:00,FV,6142,D,3,SIP,73H,189,189,
D,17-08-2019 17:00:00,FV,6157,D,3,SIP,73H,189,189,
A,17-08-2019 9:45:00,FV,6158,D,3,SIP,73H,189,188,
D,17-08-2019 8:40:00,FV,6161,D,3,KGD,73H,189,130,
A,17-08-2019 13:35:00,FV,6162,D,3,KGD,73H,189,167,
D,17-08-2019 23:25:00,FV,6163,D,3,KGD,73H,189,157,
A,17-08-2019 8:10:00,FV,6164,D,3,KGD,73H,189,185,
D,17-08-2019 0:40:00,FV,6167,D,3,REN,73H,189,125,
A,17-08-2019 6:05:00,FV,6168,D,3,REN,73H,189,133,
D,17-08-2019 19:25:00,FV,6171,D,3,REN,73H,189,99,
A,17-08-2019 7:15:00,FV,6172,D,3,REN,73H,189,142,
D,17-08-2019 17:20:00,FV,6183,D,3,ROV,73H,189,122,
A,17-08-2019 22:20:00,FV,6184,D,3,ROV,73H,189,184,
D,17-08-2019 16:05:00,FV,6185,D,3,AER,73H,189,153,
A,17-08-2019 22:20:00,FV,6186,D,3,AER,73H,189,152,
D,17-08-2019 9:25:00,FV,6187,D,3,MRV,73H,189,186,
A,17-08-2019 15:20:00,FV,6188,D,3,MRV,73H,189,185,
D,17-08-2019 15:30:00,FV,6191,D,3,ROV,73H,189,107,
A,17-08-2019 20:35:00,FV,6192,D,3,ROV,73H,189,150,
D,17-08-2019 22:55:00,FV,6193,D,3,ROV,73H,189,120,
A,17-08-2019 4:50:00,FV,6194,D,3,ROV,73H,189,149,
D,17-08-2019 10:50:00,FV,6637,I,3,ORY,73H,189,177,
A,17-08-2019 20:05:00,FV,6638,I,3,ORY,73H,189,133,
D,17-08-2019 13:25:00,RL,7515,I,2,CFU,738,189,152,
D,17-08-2019 0:50:00,RL,7537,I,2,LCA,738,189,152,
A,17-08-2019 9:20:00,RL,7538,I,2,LCA,738,189,152,
D,17-08-2019 14:45:00,RL,7545,I,2,GZP,738,189,177,
D,17-08-2019 0:50:00,RL,7745,I,2,PMI,738,189,188,
A,17-08-2019 11:05:00,RL,7746,I,2,PMI,738,189,182,
D,17-08-2019 18:20:00,EO,147,D,3,LED,73J,209,206,
A,17-08-2019 22:05:00,EO,148,D,3,LED,73J,209,175,
D,17-08-2019 23:30:00,EO,173,D,3,SVX,73J,209,170,
D,17-08-2019 7:15:00,EO,177,D,3,LED,73J,209,184,
A,17-08-2019 10:50:00,EO,178,D,3,LED,73J,209,189,
D,17-08-2019 11:50:00,EO,187,D,3,ROV,73J,209,165,
A,17-08-2019 16:10:00,EO,188,D,3,ROV,73J,209,195,
A,17-08-2019 8:00:00,D2,151,D,1,CEE,SU9,100,31,
D,17-08-2019 9:05:00,D2,152,D,1,CEE,SU9,100,27,
A,17-08-2019 20:55:00,D2,153,D,1,CEE,SU9,100,29,
D,17-08-2019 21:55:00,D2,154,D,1,CEE,SU9,100,24,
A,17-08-2019 9:15:00,AY,711,I,3,HEL,E90,100,72,
D,17-08-2019 10:00:00,AY,712,I,3,HEL,E90,100,98,
A,17-08-2019 19:20:00,AY,713,I,3,HEL,E90,100,99,
D,17-08-2019 20:30:00,AY,714,I,3,HEL,E90,100,91,
A,17-08-2019 12:50:00,AY,715,I,3,HEL,E90,100,67,
D,17-08-2019 13:35:00,AY,716,I,3,HEL,E90,100,80,
A,17-08-2019 1:35:00,AY,719,I,3,HEL,E90,100,100,
D,17-08-2019 5:00:00,AY,720,I,3,HEL,E90,100,100,
D,17-08-2019 13:30:00,EO,167,D,3,LED,E90,110,105,
A,17-08-2019 16:55:00,EO,168,D,3,LED,E90,110,87,
A,17-08-2019 6:10:00,EO,186,D,3,KZN,E90,110,83,
D,17-08-2019 23:55:00,EO,189,D,3,NBC,E90,110,94,
A,17-08-2019 6:00:00,EO,190,D,3,NBC,E90,110,70,
A,17-08-2019 6:00:00,EO,198,D,3,LED,E90,110,86,
D,17-08-2019 23:30:00,EO,201,D,3,PEE,E90,110,96,
A,17-08-2019 5:15:00,EO,202,D,3,PEE,E90,110,108,
D,17-08-2019 7:10:00,EO,227,D,3,VOG,E90,110,86,
A,17-08-2019 11:35:00,EO,228,D,3,VOG,E90,110,88,
D,17-08-2019 7:05:00,EO,337,D,3,CSY,E90,110,97,
A,17-08-2019 10:30:00,EO,338,D,3,CSY,E90,110,89,
D,17-08-2019 7:00:00,EO,339,D,3,MQF,E90,110,97,
A,17-08-2019 20:15:00,EO,340,D,3,MQF,E90,110,97,
D,17-08-2019 17:00:00,EO,389,D,3,NBC,E90,110,94,
A,17-08-2019 21:35:00,EO,390,D,3,NBC,E90,110,103,
D,17-08-2019 7:15:00,EO,529,D,3,REN,E90,110,81,
A,17-08-2019 12:25:00,EO,530,D,3,REN,E90,110,100,
D,17-08-2019 0:30:00,EO,563,D,3,OSW,E90,110,64,
A,17-08-2019 6:15:00,EO,564,D,3,OSW,E90,110,72,
D,17-08-2019 7:05:00,EO,645,D,3,RTW,E90,110,92,
A,17-08-2019 21:45:00,EO,646,D,3,RTW,E90,110,68,
D,17-08-2019 23:55:00,EO,729,D,3,REN,E90,110,94,
D,17-08-2019 18:10:00,BA,234,I,5,LHR,321,154,148,
A,17-08-2019 16:50:00,BA,235,I,5,LHR,321,154,136,
A,17-08-2019 16:20:00,SU,260,I,3,CDG,32B,183,170,
D,17-08-2019 20:45:00,SU,400,I,2,CAI,32B,183,121,
A,17-08-2019 7:25:00,SU,401,I,3,CAI,32B,183,177,
D,17-08-2019 1:35:00,SU,500,I,3,TLV,32B,183,181,
A,17-08-2019 12:00:00,SU,501,I,3,TLV,32B,183,176,
D,17-08-2019 13:20:00,SU,508,I,3,TLV,32B,183,177,
A,17-08-2019 23:05:00,SU,509,I,3,TLV,32B,183,171,
D,17-08-2019 7:45:00,SU,1138,D,1,AER,32B,183,171,
A,17-08-2019 13:40:00,SU,1139,D,1,AER,32B,183,147,
D,17-08-2019 9:15:00,SU,1190,D,1,KZN,32B,183,167,
A,17-08-2019 13:15:00,SU,1191,D,1,KZN,32B,183,77,
D,17-08-2019 19:20:00,SU,1194,D,1,KZN,32B,183,122,
A,17-08-2019 23:40:00,SU,1195,D,1,KZN,32B,183,47,
D,17-08-2019 22:15:00,SU,1198,D,1,KZN,32B,183,174,
D,17-08-2019 15:10:00,SU,1324,D,1,MMK,32B,183,181,
A,17-08-2019 21:05:00,SU,1325,D,1,MMK,32B,183,167,
D,17-08-2019 21:25:00,SU,1450,D,3,KEJ,32B,183,174,
A,17-08-2019 7:15:00,SU,1451,D,3,KEJ,32B,183,182,
D,17-08-2019 0:55:00,SU,1536,D,3,TOF,32B,183,171,
A,17-08-2019 10:25:00,SU,1537,D,3,TOF,32B,183,180,
D,17-08-2019 16:15:00,SU,1862,I,3,EVN,32B,183,182,
A,17-08-2019 23:20:00,SU,1863,I,3,EVN,32B,183,182,
D,17-08-2019 23:40:00,SU,1866,I,3,EVN,32B,183,138,
A,17-08-2019 7:05:00,SU,1867,I,3,EVN,32B,183,147,
D,17-08-2019 21:45:00,SU,1882,I,3,FRU,32B,183,183,
A,17-08-2019 7:40:00,SU,1883,I,3,FRU,32B,183,169,
A,17-08-2019 0:15:00,SU,1897,I,3,EVN,32B,183,147,
A,17-08-2019 6:55:00,SU,1937,I,2,KGF,32B,183,171,
D,17-08-2019 0:55:00,SU,1942,I,2,ALA,32B,183,173,
A,17-08-2019 11:10:00,SU,1943,I,2,ALA,32B,183,182,
D,17-08-2019 21:00:00,SU,1946,I,3,ALA,32B,183,176,
A,17-08-2019 7:35:00,SU,1947,I,2,ALA,32B,183,183,
D,17-08-2019 23:50:00,SU,1956,I,2,TSE,32B,183,179,
A,17-08-2019 8:05:00,SU,1957,I,2,TSE,32B,183,156,
D,17-08-2019 10:10:00,SU,2012,I,5,PRG,32B,183,156,
A,17-08-2019 16:35:00,SU,2013,I,2,PRG,32B,183,145,
D,17-08-2019 19:15:00,SU,2016,I,5,PRG,32B,183,139,
A,17-08-2019 4:30:00,SU,2017,I,5,PRG,32B,183,159,
D,17-08-2019 17:00:00,SU,2024,I,5,PRG,32B,183,156,
A,17-08-2019 23:25:00,SU,2025,I,3,PRG,32B,183,148,
A,17-08-2019 0:25:00,SU,2047,I,3,SPU,32B,183,159,
D,17-08-2019 16:45:00,SU,2048,I,3,SPU,32B,183,180,
A,17-08-2019 23:55:00,SU,2049,I,3,SPU,32B,183,147,
D,17-08-2019 6:55:00,SU,2052,I,3,TIV,32B,183,178,
A,17-08-2019 14:45:00,SU,2053,I,3,TIV,32B,183,147,
D,17-08-2019 8:05:00,SU,2110,I,2,ATH,32B,183,166,
A,17-08-2019 17:15:00,SU,2111,I,2,ATH,32B,183,174,
D,17-08-2019 19:25:00,SU,2112,I,2,ATH,32B,183,130,
A,17-08-2019 4:20:00,SU,2113,I,2,ATH,32B,183,161,
A,17-08-2019 0:25:00,SU,2125,I,3,SKG,32B,183,165,
D,17-08-2019 10:50:00,SU,2126,I,5,HER,32B,183,147,
A,17-08-2019 20:35:00,SU,2127,I,5,HER,32B,183,176,
D,17-08-2019 9:35:00,SU,2142,I,2,AYT,32B,183,168,
A,17-08-2019 18:10:00,SU,2143,I,3,AYT,32B,183,170,
D,17-08-2019 9:05:00,SU,2184,I,5,VIE,32B,183,173,
A,17-08-2019 15:40:00,SU,2185,I,5,VIE,32B,183,178,
D,17-08-2019 19:45:00,SU,2192,I,5,AMS,32B,183,172,
A,17-08-2019 4:25:00,SU,2193,I,3,AMS,32B,183,132,
D,17-08-2019 7:55:00,SU,2306,I,3,FRA,32B,183,178,
A,17-08-2019 15:35:00,SU,2307,I,3,FRA,32B,183,179,
D,17-08-2019 17:55:00,SU,2382,I,2,GVA,32B,183,145,
A,17-08-2019 2:10:00,SU,2383,I,3,GVA,32B,183,146,
D,17-08-2019 9:50:00,SU,2390,I,2,ZRH,32B,183,182,
A,17-08-2019 18:00:00,SU,2391,I,2,ZRH,32B,183,178,
D,17-08-2019 19:55:00,SU,2414,I,3,MXP,32B,183,172,
A,17-08-2019 5:00:00,SU,2415,I,3,MXP,32B,183,166,
D,17-08-2019 7:35:00,SU,2452,I,3,CDG,32B,183,176,
D,17-08-2019 10:05:00,SU,2454,I,3,CDG,32B,183,160,
A,17-08-2019 18:55:00,SU,2455,I,3,CDG,32B,183,135,
D,17-08-2019 11:45:00,SU,2462,I,3,CDG,32B,183,175,
A,17-08-2019 20:35:00,SU,2463,I,3,CDG,32B,183,138,
D,17-08-2019 6:40:00,SU,2500,I,3,MAD,32B,183,177,
A,17-08-2019 17:50:00,SU,2501,I,3,MAD,32B,183,175,
D,17-08-2019 19:20:00,SU,2512,I,3,BCN,32B,183,176,
A,17-08-2019 5:35:00,SU,2513,I,3,BCN,32B,183,170,
D,17-08-2019 12:10:00,SU,2514,I,3,BCN,32B,183,180,
A,17-08-2019 22:15:00,SU,2515,I,3,BCN,32B,183,176,
D,17-08-2019 11:00:00,SU,2522,I,3,ALC,32B,183,183,
A,17-08-2019 22:05:00,SU,2523,I,3,ALC,32B,183,173,
D,17-08-2019 13:40:00,SU,2582,I,3,LHR,32B,183,181,
A,17-08-2019 23:10:00,SU,2583,I,3,LHR,32B,183,175,
D,17-08-2019 8:35:00,SU,2602,I,3,MAD,32B,183,143,
A,17-08-2019 20:00:00,SU,2603,I,3,MAD,32B,183,140,
D,17-08-2019 18:15:00,SU,2604,I,3,MAD,32B,183,168,
A,17-08-2019 5:25:00,SU,2605,I,3,MAD,32B,183,170,
D,17-08-2019 7:20:00,SU,2638,I,3,BCN,32B,183,180,
A,17-08-2019 17:35:00,SU,2639,I,3,BCN,32B,183,181,
D,17-08-2019 9:35:00,SU,2648,I,3,BCN,32B,183,182,
A,17-08-2019 19:50:00,SU,2649,I,3,BCN,32B,183,180,
D,17-08-2019 19:10:00,SU,263,I,3,LHR,321,170,162,
A,17-08-2019 7:15:00,SU,1853,I,5,GYD,321,170,157,
D,17-08-2019 9:55:00,SU,2072,I,5,LCA,321,170,154,
A,17-08-2019 18:45:00,SU,2073,I,5,LCA,321,170,169,
D,17-08-2019 8:30:00,SU,2104,I,5,VNO,321,170,137,
A,17-08-2019 12:40:00,SU,2105,I,5,VNO,321,170,147,
D,17-08-2019 16:15:00,SU,2124,I,3,SKG,321,170,136,
D,17-08-2019 20:15:00,SU,2144,I,2,AYT,321,170,114,
A,17-08-2019 5:25:00,SU,2145,I,2,AYT,321,170,131,
D,17-08-2019 8:30:00,SU,2202,I,3,HEL,321,170,158,
A,17-08-2019 13:05:00,SU,2203,I,3,HEL,321,170,113,
D,17-08-2019 13:55:00,SU,2360,I,5,NCE,321,170,136,
A,17-08-2019 22:40:00,SU,2361,I,5,NCE,321,170,160,
A,17-08-2019 4:15:00,SU,2453,I,3,CDG,321,170,134,
D,17-08-2019 19:35:00,SU,2460,I,3,CDG,321,170,166,
D,17-08-2019 10:05:00,SU,2470,I,5,NCE,321,170,157,
A,17-08-2019 18:55:00,SU,2471,I,5,NCE,321,170,162,
D,17-08-2019 7:05:00,SU,2580,I,3,LHR,321,170,146,
A,17-08-2019 16:35:00,SU,2581,I,3,LHR,321,170,161,
A,17-08-2019 13:05:00,KC,275,I,5,ALA,32N,162,130,
D,17-08-2019 14:00:00,KC,276,I,5,ALA,32Q,162,146,
A,17-08-2019 8:50:00,KC,893,I,5,TSE,32N,162,111,
D,17-08-2019 9:50:00,KC,894,I,5,TSE,32N,162,103,
D,17-08-2019 21:55:00,EO,301,D,3,BQS,763,290,137,
A,17-08-2019 12:45:00,EO,440,I,2,TYN,763,290,285,
D,17-08-2019 17:55:00,EO,443,I,2,SJW,763,290,289,
D,17-08-2019 12:10:00,EO,453,I,2,CAN,763,290,232,
A,17-08-2019 12:55:00,EO,496,I,2,LHW,763,290,249,
A,17-08-2019 15:50:00,N4,302,D,3,BQS,772,440,185,
D,17-08-2019 1:25:00,N4,1611,I,2,HER,772,440,437,
A,17-08-2019 10:45:00,N4,1612,I,2,HER,772,440,439,
D,17-08-2019 2:10:00,N4,1835,I,2,DLM,772,440,352,
A,17-08-2019 11:20:00,N4,1836,I,2,DLM,772,440,413,
D,17-08-2019 15:15:00,N4,2735,I,2,CXR,772,440,434,
D,17-08-2019 14:10:00,N4,7649,I,2,DJE,772,440,437,
D,17-08-2019 7:40:00,N4,355,I,2,CUN,77W,486,389,
D,17-08-2019 13:50:00,N4,1723,I,2,MIR,77W,486,479,
A,17-08-2019 23:40:00,N4,1724,I,2,MIR,77W,486,389,
D,17-08-2019 2:30:00,N4,1801,I,2,AYT,77W,486,389,
A,17-08-2019 10:55:00,N4,1802,I,2,AYT,77W,486,389,
D,17-08-2019 13:15:00,N4,1803,I,2,AYT,77W,486,389,
A,17-08-2019 22:30:00,N4,1804,I,2,AYT,77W,486,389,
A,17-08-2019 19:55:00,BT,422,I,5,RIX,CS3,145,135,
D,17-08-2019 20:40:00,BT,423,I,5,RIX,CS3,145,116,
A,17-08-2019 9:00:00,BT,424,I,5,RIX,CS3,145,130,
D,17-08-2019 9:45:00,BT,425,I,5,RIX,CS3,145,136,
A,17-08-2019 1:00:00,BT,426,I,5,RIX,CS3,145,139,
D,17-08-2019 4:50:00,BT,427,I,5,RIX,CS3,145,116,
A,17-08-2019 14:40:00,BT,428,I,5,RIX,CS3,145,139,
D,17-08-2019 15:25:00,BT,429,I,5,RIX,CS3,145,130,
A,17-08-2019 5:30:00,JD,475,I,2,HGH,332,264,242,
D,17-08-2019 8:55:00,JD,476,I,2,HGH,332,264,225,
A,17-08-2019 22:35:00,RL,506,I,2,TPE,763,330,326,
D,17-08-2019 3:50:00,RL,7743,I,2,BCN,763,330,330,
D,17-08-2019 22:55:00,SU,530,I,2,BEY,320,140,104,
D,17-08-2019 7:20:00,SU,570,I,3,TLV,320,140,132,
D,17-08-2019 6:10:00,SU,1246,D,1,REN,320,140,67,
A,17-08-2019 11:45:00,SU,1247,D,1,REN,320,140,121,
D,17-08-2019 6:30:00,SU,1270,D,1,KZN,320,140,122,
A,17-08-2019 10:45:00,SU,1271,D,1,KZN,320,140,78,
D,17-08-2019 13:55:00,SU,1312,D,1,MRV,320,140,136,
A,17-08-2019 19:45:00,SU,1313,D,1,MRV,320,140,133,
D,17-08-2019 6:25:00,SU,1438,D,1,UFA,320,140,136,
A,17-08-2019 12:50:00,SU,1439,D,1,UFA,320,140,134,
D,17-08-2019 3:05:00,SU,1448,D,3,MQF,320,140,102,
A,17-08-2019 9:05:00,SU,1449,D,3,MQF,320,140,122,
D,17-08-2019 23:50:00,SU,1484,D,3,KJA,320,140,112,
A,17-08-2019 10:20:00,SU,1485,D,3,KJA,320,140,138,
D,17-08-2019 0:05:00,SU,1574,D,3,AAQ,320,140,69,
A,17-08-2019 5:40:00,SU,1575,D,3,AAQ,320,140,136,
D,17-08-2019 2:55:00,SU,1674,D,3,ROV,320,140,86,
A,17-08-2019 8:45:00,SU,1675,D,3,ROV,320,140,108,
A,17-08-2019 5:55:00,SU,1845,I,3,KIV,320,140,112,
D,17-08-2019 23:50:00,SU,1852,I,5,GYD,320,140,138,
D,17-08-2019 22:25:00,SU,1936,I,3,KGF,320,140,112,
D,17-08-2019 0:10:00,SU,1948,I,2,AKX,320,140,79,
A,17-08-2019 6:35:00,SU,1949,I,2,AKX,320,140,124,
A,17-08-2019 8:15:00,SU,1961,I,2,KZO,320,140,135,
D,17-08-2019 10:05:00,SU,2040,I,5,ZAG,320,140,114,
A,17-08-2019 17:05:00,SU,2041,I,5,ZAG,320,140,121,
D,17-08-2019 20:00:00,SU,2070,I,5,LCA,320,140,123,
A,17-08-2019 5:40:00,SU,2071,I,5,LCA,320,140,124,
D,17-08-2019 10:15:00,SU,2090,I,2,BEG,320,140,112,
A,17-08-2019 17:10:00,SU,2091,I,2,BEG,320,140,127,
A,17-08-2019 4:35:00,SU,2093,I,2,BEG,320,140,114,
D,17-08-2019 21:15:00,SU,2108,I,5,VNO,320,140,114,
D,17-08-2019 12:55:00,SU,2116,I,2,ATH,320,140,124,
A,17-08-2019 22:05:00,SU,2117,I,2,ATH,320,140,125,
D,17-08-2019 21:15:00,SU,2134,I,5,IST,320,140,128,
D,17-08-2019 16:35:00,SU,2146,I,3,AYT,320,140,128,
A,17-08-2019 0:55:00,SU,2147,I,3,AYT,320,140,122,
D,17-08-2019 18:20:00,SU,2200,I,3,HEL,320,140,117,
A,17-08-2019 22:45:00,SU,2201,I,3,HEL,320,140,105,
D,17-08-2019 10:15:00,SU,2300,I,3,FRA,320,140,137,
A,17-08-2019 18:30:00,SU,2301,I,3,FRA,320,140,126,
D,17-08-2019 18:50:00,SU,2304,I,3,FRA,320,140,130,
A,17-08-2019 2:35:00,SU,2305,I,3,FRA,320,140,112,
D,17-08-2019 9:25:00,SU,2322,I,3,MUC,320,140,135,
A,17-08-2019 16:40:00,SU,2323,I,3,MUC,320,140,133,
D,17-08-2019 10:35:00,SU,2346,I,3,HAM,320,140,135,
A,17-08-2019 17:15:00,SU,2347,I,3,HAM,320,140,130,
D,17-08-2019 16:05:00,SU,2348,I,3,HAM,320,140,124,
A,17-08-2019 22:45:00,SU,2349,I,3,HAM,320,140,126,
D,17-08-2019 8:45:00,SU,2374,I,3,LYS,320,140,112,
A,17-08-2019 17:40:00,SU,2375,I,3,LYS,320,140,107,
A,17-08-2019 4:45:00,SU,2377,I,3,LYS,320,140,60,
D,17-08-2019 8:35:00,SU,2378,I,3,MRS,320,140,120,
A,17-08-2019 17:40:00,SU,2379,I,3,MRS,320,140,103,
D,17-08-2019 18:10:00,SU,2386,I,3,ARN,320,140,138,
A,17-08-2019 23:30:00,SU,2387,I,3,ARN,320,140,70,
D,17-08-2019 18:25:00,SU,2392,I,2,ZRH,320,140,128,
A,17-08-2019 2:50:00,SU,2393,I,3,ZRH,320,140,127,
D,17-08-2019 8:35:00,SU,2402,I,3,FCO,320,140,130,
A,17-08-2019 17:30:00,SU,2403,I,3,FCO,320,140,125,
D,17-08-2019 18:40:00,SU,2404,I,3,FCO,320,140,118,
A,17-08-2019 4:40:00,SU,2405,I,3,FCO,320,140,119,
D,17-08-2019 11:25:00,SU,2406,I,3,FCO,320,140,123,
A,17-08-2019 20:15:00,SU,2407,I,3,FCO,320,140,129,
D,17-08-2019 14:30:00,SU,2408,I,3,FCO,320,140,130,
A,17-08-2019 23:05:00,SU,2409,I,3,FCO,320,140,123,
D,17-08-2019 8:25:00,SU,2410,I,3,MXP,320,140,140,
A,17-08-2019 16:45:00,SU,2411,I,3,MXP,320,140,128,
D,17-08-2019 6:50:00,SU,2416,I,3,MXP,320,140,112,
A,17-08-2019 15:05:00,SU,2417,I,3,MXP,320,140,113,
A,17-08-2019 4:00:00,SU,2423,I,3,VCE,320,140,124,
D,17-08-2019 7:50:00,SU,2424,I,5,BLQ,320,140,126,
A,17-08-2019 15:45:00,SU,2425,I,5,BLQ,320,140,134,
D,17-08-2019 14:05:00,SU,2458,I,3,CDG,320,140,137,
A,17-08-2019 22:50:00,SU,2459,I,3,CDG,320,140,101,
D,17-08-2019 17:55:00,SU,2468,I,2,BUD,320,140,127,
A,17-08-2019 0:10:00,SU,2469,I,3,BUD,320,140,125,
A,17-08-2019 4:15:00,SU,2475,I,5,NCE,320,140,125,
D,17-08-2019 7:35:00,SU,2482,I,3,VRN,320,140,122,
A,17-08-2019 15:30:00,SU,2483,I,3,VRN,320,140,126,
D,17-08-2019 5:40:00,SU,2570,I,3,LHR,320,140,117,
A,17-08-2019 14:40:00,SU,2571,I,3,LHR,320,140,133,
D,17-08-2019 8:50:00,SU,2576,I,3,LHR,320,140,121,
A,17-08-2019 17:40:00,SU,2577,I,3,LHR,320,140,136,
D,17-08-2019 15:55:00,SU,2586,I,3,MXP,320,140,124,
A,17-08-2019 4:55:00,SU,2591,I,3,DUB,320,140,125,
D,17-08-2019 19:45:00,SU,2594,I,3,MUC,320,140,112,
A,17-08-2019 3:15:00,SU,2595,I,3,MUC,320,140,134,
D,17-08-2019 9:15:00,SU,2596,I,5,VCE,320,140,112,
A,17-08-2019 17:05:00,SU,2597,I,5,VCE,320,140,112,
D,17-08-2019 9:40:00,SU,2610,I,3,LJU,320,140,127,
A,17-08-2019 17:00:00,SU,2611,I,3,LJU,320,140,129,
D,17-08-2019 18:15:00,SU,2680,I,5,RIX,320,140,116,
A,17-08-2019 22:25:00,SU,2681,I,3,RIX,320,140,126,
D,17-08-2019 9:15:00,SU,2682,I,3,RIX,320,140,137,
A,17-08-2019 13:20:00,SU,2683,I,3,RIX,320,140,136,
A,17-08-2019 3:05:00,AZ,542,I,5,CTA,321,200,147,
D,17-08-2019 4:05:00,AZ,543,I,5,CTA,321,200,141,
A,17-08-2019 15:50:00,AZ,546,I,5,MXP,320,180,138,
D,17-08-2019 16:55:00,AZ,547,I,5,MXP,320,180,156,
A,17-08-2019 15:15:00,AZ,548,I,5,FCO,320,180,146,
D,17-08-2019 16:40:00,AZ,549,I,5,FCO,320,180,161,
A,17-08-2019 3:20:00,KM,560,I,5,MLA,320,180,139,
D,17-08-2019 4:20:00,KM,561,I,5,MLA,320,180,139,
D,17-08-2019 5:00:00,AZ,595,I,5,FCO,320,180,165,
A,17-08-2019 3:45:00,AZ,596,I,5,FCO,320,180,129,
A,17-08-2019 7:50:00,FB,643,I,2,BOJ,320,180,178,
D,17-08-2019 8:45:00,FB,644,I,2,BOJ,320,180,173,
A,17-08-2019 15:05:00,FB,659,I,2,BOJ,320,180,144,
D,17-08-2019 16:00:00,FB,660,I,2,BOJ,320,180,171,
A,17-08-2019 17:25:00,MU,591,I,2,PVG,333,298,262,
D,17-08-2019 19:05:00,MU,592,I,2,PVG,333,298,272,
A,17-08-2019 17:00:00,MU,5009,I,2,PVG,333,298,200,
D,17-08-2019 19:10:00,MU,5010,I,2,PVG,333,298,270,
A,17-08-2019 18:25:00,3U,609,I,2,CTU,333,301,271,
D,17-08-2019 20:20:00,3U,610,I,2,CTU,333,301,271,
A,17-08-2019 16:55:00,CA,909,I,2,PEK,333,301,280,
D,17-08-2019 18:45:00,CA,910,I,2,PEK,333,301,290,
A,17-08-2019 15:00:00,FB,651,I,2,BOJ,733,148,119,
D,17-08-2019 15:50:00,FB,652,I,2,BOJ,733,148,99,
A,17-08-2019 21:00:00,KC,875,I,5,ALA,32A,148,107,
D,17-08-2019 22:05:00,KC,876,I,5,ALA,32A,148,132,
A,17-08-2019 20:45:00,JU,654,I,5,BEG,319,138,134,
D,17-08-2019 21:35:00,JU,655,I,5,BEG,319,138,126,
A,17-08-2019 3:25:00,JU,656,I,5,BEG,319,138,115,
D,17-08-2019 4:10:00,JU,657,I,5,BEG,319,138,117,
A,17-08-2019 19:15:00,CZ,655,I,3,CAN,332,260,228,
D,17-08-2019 21:10:00,CZ,656,I,3,CAN,332,260,255,
A,17-08-2019 13:45:00,LO,675,I,5,WAW,E95,112,92,
D,17-08-2019 14:35:00,LO,676,I,5,WAW,E95,112,95,
A,17-08-2019 19:45:00,LO,677,I,5,WAW,E95,112,91,
D,17-08-2019 20:40:00,LO,678,I,5,WAW,E95,112,95,
A,17-08-2019 21:20:00,KC,873,I,5,TSE,321,179,137,
D,17-08-2019 22:20:00,KC,874,I,5,TSE,321,179,122,
A,17-08-2019 4:25:00,8L,881,I,2,KMG,333,303,292,
D,17-08-2019 6:15:00,8L,882,I,2,KMG,333,303,288,
D,17-08-2019 5:40:00,KL,900,I,5,AMS,73H,186,137,
A,17-08-2019 16:05:00,KL,903,I,5,AMS,73H,186,154,
D,17-08-2019 17:00:00,KL,904,I,5,AMS,73H,186,176,
A,17-08-2019 1:30:00,KL,907,I,5,AMS,73H,186,124,
A,17-08-2019 12:35:00,KL,901,I,5,AMS,73W,142,131,
D,17-08-2019 13:30:00,KL,902,I,5,AMS,73W,142,138,
A,17-08-2019 16:50:00,KE,923,I,3,ICN,789,269,190,
D,17-08-2019 18:55:00,KE,924,I,3,ICN,789,269,249,
A,17-08-2019 9:50:00,B2,975,I,2,MSQ,E95,107,105,
D,17-08-2019 10:35:00,B2,976,I,3,MSQ,E95,107,101,
A,17-08-2019 19:30:00,B2,977,I,2,MSQ,E95,107,105,
D,17-08-2019 20:30:00,B2,978,I,3,MSQ,E95,107,93,
A,17-08-2019 14:15:00,AF,1044,I,5,CDG,321,212,177,
D,17-08-2019 15:15:00,AF,1045,I,5,CDG,321,212,209,
A,17-08-2019 17:45:00,AF,1744,I,5,CDG,321,212,170,
D,17-08-2019 18:45:00,AF,1745,I,5,CDG,321,212,194,
A,17-08-2019 0:05:00,AF,1144,I,5,CDG,319,143,115,
D,17-08-2019 8:45:00,AF,1145,I,5,CDG,319,143,115,
A,17-08-2019 1:35:00,AF,1844,I,5,CDG,319,143,117,
D,17-08-2019 6:10:00,AF,1845,I,5,CDG,319,143,133,
D,17-08-2019 1:10:00,EO,1805,I,2,AYT,763,340,272,
A,17-08-2019 9:50:00,EO,1806,I,2,AYT,763,340,329,
A,17-08-2019 18:40:00,SN,2845,I,5,BRU,319,141,130,
D,17-08-2019 19:30:00,SN,2846,I,5,BRU,319,141,136,
A,17-08-2019 20:10:00,CZ,6001,I,3,URC,738,178,125,
D,17-08-2019 21:35:00,CZ,6002,I,3,URC,738,178,155,
D,17-08-2019 20:10:00,FV,6143,D,3,SIP,773,373,61,
A,17-08-2019 16:15:00,FV,6266,I,3,CMB,773,373,305,
D,17-08-2019 20:20:00,FV,6273,D,3,UUS,773,373,369,
A,17-08-2019 15:45:00,FV,6274,D,3,UUS,773,373,373,
D,17-08-2019 18:25:00,FV,6281,D,3,VVO,773,373,368,
A,17-08-2019 14:00:00,FV,6282,D,3,VVO,773,373,373,
D,17-08-2019 17:05:00,FV,6283,D,3,UUS,773,373,361,
A,17-08-2019 12:25:00,FV,6284,D,3,UUS,773,373,372,
D,17-08-2019 19:55:00,FV,6289,D,3,GDX,773,373,365,
A,17-08-2019 14:10:00,FV,6290,D,3,GDX,773,373,359,
D,17-08-2019 17:50:00,FV,6147,D,3,SIP,77W,457,145,
D,17-08-2019 8:25:00,FV,6151,D,3,SIP,77W,457,447,
A,17-08-2019 2:45:00,FV,6152,D,3,SIP,77W,457,454,
D,17-08-2019 19:50:00,FV,6285,D,3,PKC,77W,457,428,
A,17-08-2019 15:55:00,FV,6286,D,3,PKC,77W,457,451,
D,17-08-2019 18:30:00,FV,6287,D,3,KHV,77W,457,445,
A,17-08-2019 14:50:00,FV,6298,D,3,KHV,77W,457,452,
A,17-08-2019 12:30:00,FV,6288,D,3,KHV,74E,447,445,
D,17-08-2019 21:05:00,FV,6297,D,3,KHV,74E,447,444,
D,17-08-2019 14:05:00,RL,7505,I,2,NBE,77W,492,444,
D,17-08-2019 3:30:00,RL,7701,I,2,AYT,77W,492,490,
D,17-08-2019 10:35:00,RL,7703,I,2,AYT,77W,492,394,
A,17-08-2019 18:30:00,RL,7704,I,2,AYT,77W,492,394,
D,17-08-2019 15:45:00,RL,7705,I,2,AYT,77W,492,486,
A,17-08-2019 23:50:00,RL,7706,I,2,AYT,77W,492,489,
D,17-08-2019 13:40:00,RL,7525,I,2,GZP,752,224,224,
A,17-08-2019 22:00:00,RL,7526,I,2,GZP,752,224,222,
D,17-08-2019 3:05:00,RL,7543,I,2,DLM,752,224,221,
A,17-08-2019 11:15:00,RL,7544,I,2,DLM,752,224,220,
A,17-08-2019 18:05:00,HU,7985,I,5,PEK,333,292,280,
D,17-08-2019 19:55:00,HU,7986,I,5,PEK,333,292,269,
D,17-08-2019 2:50:00,ZF,9007,I,2,AYT,77W,531,425,
A,17-08-2019 23:30:00,ZF,9010,I,2,AYT,77W,531,425,
